sample;marker;measured;id
vz1;a_1;82;1
vz1;a_2;81;1
vz1;b_1;85;1
vz1;b_2;84;1
vz1;c_1;93;1
vz1;c_2;89;1
vz1;d_1;99;1
vz1;d_2;95;1
vz1;e_1;96;1
vz1;e_2;100;1
vz1;f_1;93;1
vz1;f_2;91;1
vz1;g_1;89;1
vz1;g_2;84;1
vz1;h_1;92;1
vz1;h_2;83;1
vz1;i_1;86;1
vz1;i_2;98;1
vz1;j_1;94;1
vz1;j_2;89;1
vz1;k_1;83;1
vz1;k_2;89;1
vz1;l_1;87;1
vz1;l_2;80;1
vz1;m_1;94;1
vz1;m_2;94;1
vz1;n_1;87;1
vz1;n_2;83;1
vz1;o_1;90;1
vz1;o_2;100;1
vz2;a_1;88;13
vz2;a_2;99;13
vz2;b_1;85;13
vz2;b_2;90;13
vz2;c_1;91;13
vz2;c_2;96;13
vz2;d_1;94;13
vz2;d_2;85;13
vz2;e_1;97;13
vz2;e_2;96;13
vz2;f_1;83;13
vz2;f_2;80;13
vz2;g_1;93;13
vz2;g_2;88;13
vz2;h_1;90;13
vz2;h_2;85;13
vz2;i_1;90;13
vz2;i_2;99;13
vz2;j_1;81;13
vz2;j_2;90;13
vz2;k_1;96;13
vz2;k_2;88;13
vz2;l_1;88;13
vz2;l_2;87;13
vz2;m_1;84;13
vz2;m_2;81;13
vz2;n_1;81;13
vz2;n_2;94;13
vz2;o_1;87;13
vz2;o_2;85;13
vz3;a_1;88;24
vz3;a_2;97;24
vz3;b_1;86;24
vz3;b_2;80;24
vz3;c_1;100;24
vz3;c_2;93;24
vz3;d_1;95;24
vz3;d_2;94;24
vz3;e_1;91;24
vz3;e_2;90;24
vz3;f_1;99;24
vz3;f_2;94;24
vz3;g_1;95;24
vz3;g_2;97;24
vz3;h_1;95;24
vz3;h_2;84;24
vz3;i_1;86;24
vz3;i_2;90;24
vz3;j_1;95;24
vz3;j_2;88;24
vz3;k_1;88;24
vz3;k_2;82;24
vz3;l_1;97;24
vz3;l_2;92;24
vz3;m_1;86;24
vz3;m_2;93;24
vz3;n_1;87;24
vz3;n_2;93;24
vz3;o_1;94;24
vz3;o_2;91;24
vz4;a_1;80;35
vz4;a_2;96;35
vz4;b_1;80;35
vz4;b_2;80;35
vz4;c_1;82;35
vz4;c_2;98;35
vz4;d_1;89;35
vz4;d_2;91;35
vz4;e_1;92;35
vz4;e_2;87;35
vz4;f_1;89;35
vz4;f_2;93;35
vz4;g_1;93;35
vz4;g_2;81;35
vz4;h_1;85;35
vz4;h_2;81;35
vz4;i_1;86;35
vz4;i_2;82;35
vz4;j_1;84;35
vz4;j_2;93;35
vz4;k_1;82;35
vz4;k_2;97;35
vz4;l_1;86;35
vz4;l_2;97;35
vz4;m_1;100;35
vz4;m_2;95;35
vz4;n_1;87;35
vz4;n_2;82;35
vz4;o_1;95;35
vz4;o_2;91;35
vz5;a_1;87;46
vz5;a_2;91;46
vz5;b_1;94;46
vz5;b_2;95;46
vz5;c_1;99;46
vz5;c_2;94;46
vz5;d_1;92;46
vz5;d_2;85;46
vz5;e_1;84;46
vz5;e_2;97;46
vz5;f_1;92;46
vz5;f_2;83;46
vz5;g_1;93;46
vz5;g_2;80;46
vz5;h_1;96;46
vz5;h_2;80;46
vz5;i_1;82;46
vz5;i_2;82;46
vz5;j_1;86;46
vz5;j_2;98;46
vz5;k_1;89;46
vz5;k_2;97;46
vz5;l_1;86;46
vz5;l_2;93;46
vz5;m_1;91;46
vz5;m_2;87;46
vz5;n_1;93;46
vz5;n_2;80;46
vz5;o_1;84;46
vz5;o_2;87;46
vz6;a_1;90;57
vz6;a_2;81;57
vz6;b_1;83;57
vz6;b_2;93;57
vz6;c_1;93;57
vz6;c_2;100;57
vz6;d_1;86;57
vz6;d_2;80;57
vz6;e_1;94;57
vz6;e_2;89;57
vz6;f_1;98;57
vz6;f_2;80;57
vz6;g_1;81;57
vz6;g_2;90;57
vz6;h_1;81;57
vz6;h_2;82;57
vz6;i_1;89;57
vz6;i_2;83;57
vz6;j_1;81;57
vz6;j_2;96;57
vz6;k_1;90;57
vz6;k_2;93;57
vz6;l_1;83;57
vz6;l_2;84;57
vz6;m_1;100;57
vz6;m_2;86;57
vz6;n_1;89;57
vz6;n_2;98;57
vz6;o_1;100;57
vz6;o_2;99;57
vz7;a_1;97;68
vz7;a_2;87;68
vz7;b_1;93;68
vz7;b_2;100;68
vz7;c_1;95;68
vz7;c_2;99;68
vz7;d_1;86;68
vz7;d_2;90;68
vz7;e_1;81;68
vz7;e_2;89;68
vz7;f_1;89;68
vz7;f_2;90;68
vz7;g_1;84;68
vz7;g_2;99;68
vz7;h_1;97;68
vz7;h_2;86;68
vz7;i_1;85;68
vz7;i_2;98;68
vz7;j_1;99;68
vz7;j_2;83;68
vz7;k_1;99;68
vz7;k_2;91;68
vz7;l_1;83;68
vz7;l_2;98;68
vz7;m_1;95;68
vz7;m_2;83;68
vz7;n_1;92;68
vz7;n_2;94;68
vz7;o_1;83;68
vz7;o_2;94;68
vz8;a_1;95;79
vz8;a_2;98;79
vz8;b_1;99;79
vz8;b_2;98;79
vz8;c_1;81;79
vz8;c_2;82;79
vz8;d_1;94;79
vz8;d_2;98;79
vz8;e_1;95;79
vz8;e_2;100;79
vz8;f_1;93;79
vz8;f_2;81;79
vz8;g_1;99;79
vz8;g_2;85;79
vz8;h_1;100;79
vz8;h_2;80;79
vz8;i_1;94;79
vz8;i_2;95;79
vz8;j_1;93;79
vz8;j_2;84;79
vz8;k_1;86;79
vz8;k_2;93;79
vz8;l_1;92;79
vz8;l_2;92;79
vz8;m_1;93;79
vz8;m_2;96;79
vz8;n_1;99;79
vz8;n_2;81;79
vz8;o_1;96;79
vz8;o_2;81;79
vz9;a_1;80;90
vz9;a_2;85;90
vz9;b_1;87;90
vz9;b_2;87;90
vz9;c_1;98;90
vz9;c_2;82;90
vz9;d_1;89;90
vz9;d_2;88;90
vz9;e_1;86;90
vz9;e_2;93;90
vz9;f_1;92;90
vz9;f_2;94;90
vz9;g_1;92;90
vz9;g_2;98;90
vz9;h_1;95;90
vz9;h_2;85;90
vz9;i_1;89;90
vz9;i_2;94;90
vz9;j_1;81;90
vz9;j_2;85;90
vz9;k_1;97;90
vz9;k_2;99;90
vz9;l_1;100;90
vz9;l_2;86;90
vz9;m_1;94;90
vz9;m_2;98;90
vz9;n_1;96;90
vz9;n_2;94;90
vz9;o_1;84;90
vz9;o_2;80;90
vz10;a_1;81;2
vz10;a_2;83;2
vz10;b_1;100;2
vz10;b_2;96;2
vz10;c_1;82;2
vz10;c_2;81;2
vz10;d_1;92;2
vz10;d_2;81;2
vz10;e_1;92;2
vz10;e_2;88;2
vz10;f_1;91;2
vz10;f_2;92;2
vz10;g_1;86;2
vz10;g_2;94;2
vz10;h_1;87;2
vz10;h_2;91;2
vz10;i_1;93;2
vz10;i_2;88;2
vz10;j_1;85;2
vz10;j_2;100;2
vz10;k_1;98;2
vz10;k_2;93;2
vz10;l_1;82;2
vz10;l_2;87;2
vz10;m_1;82;2
vz10;m_2;82;2
vz10;n_1;89;2
vz10;n_2;88;2
vz10;o_1;86;2
vz10;o_2;93;2
vz11;a_1;85;4
vz11;a_2;83;4
vz11;b_1;99;4
vz11;b_2;96;4
vz11;c_1;80;4
vz11;c_2;83;4
vz11;d_1;80;4
vz11;d_2;92;4
vz11;e_1;88;4
vz11;e_2;100;4
vz11;f_1;88;4
vz11;f_2;96;4
vz11;g_1;83;4
vz11;g_2;99;4
vz11;h_1;100;4
vz11;h_2;81;4
vz11;i_1;91;4
vz11;i_2;92;4
vz11;j_1;81;4
vz11;j_2;84;4
vz11;k_1;99;4
vz11;k_2;99;4
vz11;l_1;94;4
vz11;l_2;88;4
vz11;m_1;97;4
vz11;m_2;88;4
vz11;n_1;91;4
vz11;n_2;81;4
vz11;o_1;84;4
vz11;o_2;92;4
vz12;a_1;80;5
vz12;a_2;99;5
vz12;b_1;83;5
vz12;b_2;95;5
vz12;c_1;95;5
vz12;c_2;84;5
vz12;d_1;97;5
vz12;d_2;98;5
vz12;e_1;89;5
vz12;e_2;96;5
vz12;f_1;100;5
vz12;f_2;100;5
vz12;g_1;89;5
vz12;g_2;80;5
vz12;h_1;89;5
vz12;h_2;90;5
vz12;i_1;88;5
vz12;i_2;98;5
vz12;j_1;94;5
vz12;j_2;80;5
vz12;k_1;91;5
vz12;k_2;82;5
vz12;l_1;88;5
vz12;l_2;95;5
vz12;m_1;85;5
vz12;m_2;96;5
vz12;n_1;95;5
vz12;n_2;85;5
vz12;o_1;87;5
vz12;o_2;95;5
vz13;a_1;80;6
vz13;a_2;92;6
vz13;b_1;87;6
vz13;b_2;82;6
vz13;c_1;84;6
vz13;c_2;82;6
vz13;d_1;87;6
vz13;d_2;92;6
vz13;e_1;88;6
vz13;e_2;99;6
vz13;f_1;90;6
vz13;f_2;88;6
vz13;g_1;81;6
vz13;g_2;87;6
vz13;h_1;98;6
vz13;h_2;81;6
vz13;i_1;81;6
vz13;i_2;91;6
vz13;j_1;91;6
vz13;j_2;92;6
vz13;k_1;86;6
vz13;k_2;93;6
vz13;l_1;91;6
vz13;l_2;97;6
vz13;m_1;82;6
vz13;m_2;87;6
vz13;n_1;86;6
vz13;n_2;92;6
vz13;o_1;90;6
vz13;o_2;98;6
vz14;a_1;99;7
vz14;a_2;85;7
vz14;b_1;91;7
vz14;b_2;98;7
vz14;c_1;87;7
vz14;c_2;93;7
vz14;d_1;91;7
vz14;d_2;97;7
vz14;e_1;97;7
vz14;e_2;98;7
vz14;f_1;89;7
vz14;f_2;80;7
vz14;g_1;92;7
vz14;g_2;89;7
vz14;h_1;97;7
vz14;h_2;82;7
vz14;i_1;97;7
vz14;i_2;85;7
vz14;j_1;82;7
vz14;j_2;100;7
vz14;k_1;86;7
vz14;k_2;92;7
vz14;l_1;98;7
vz14;l_2;80;7
vz14;m_1;96;7
vz14;m_2;82;7
vz14;n_1;99;7
vz14;n_2;97;7
vz14;o_1;84;7
vz14;o_2;99;7
vz15;a_1;91;8
vz15;a_2;100;8
vz15;b_1;86;8
vz15;b_2;83;8
vz15;c_1;92;8
vz15;c_2;86;8
vz15;d_1;92;8
vz15;d_2;98;8
vz15;e_1;80;8
vz15;e_2;88;8
vz15;f_1;99;8
vz15;f_2;80;8
vz15;g_1;94;8
vz15;g_2;88;8
vz15;h_1;81;8
vz15;h_2;96;8
vz15;i_1;95;8
vz15;i_2;83;8
vz15;j_1;94;8
vz15;j_2;87;8
vz15;k_1;92;8
vz15;k_2;85;8
vz15;l_1;91;8
vz15;l_2;95;8
vz15;m_1;95;8
vz15;m_2;92;8
vz15;n_1;89;8
vz15;n_2;97;8
vz15;o_1;80;8
vz15;o_2;84;8
vz16;a_1;85;9
vz16;a_2;94;9
vz16;b_1;89;9
vz16;b_2;87;9
vz16;c_1;95;9
vz16;c_2;100;9
vz16;d_1;90;9
vz16;d_2;98;9
vz16;e_1;94;9
vz16;e_2;93;9
vz16;f_1;95;9
vz16;f_2;88;9
vz16;g_1;94;9
vz16;g_2;89;9
vz16;h_1;95;9
vz16;h_2;98;9
vz16;i_1;88;9
vz16;i_2;86;9
vz16;j_1;95;9
vz16;j_2;83;9
vz16;k_1;84;9
vz16;k_2;91;9
vz16;l_1;95;9
vz16;l_2;84;9
vz16;m_1;90;9
vz16;m_2;81;9
vz16;n_1;86;9
vz16;n_2;81;9
vz16;o_1;85;9
vz16;o_2;89;9
vz17;a_1;94;10
vz17;a_2;85;10
vz17;b_1;83;10
vz17;b_2;96;10
vz17;c_1;80;10
vz17;c_2;93;10
vz17;d_1;84;10
vz17;d_2;90;10
vz17;e_1;81;10
vz17;e_2;96;10
vz17;f_1;100;10
vz17;f_2;90;10
vz17;g_1;92;10
vz17;g_2;83;10
vz17;h_1;99;10
vz17;h_2;94;10
vz17;i_1;90;10
vz17;i_2;91;10
vz17;j_1;89;10
vz17;j_2;100;10
vz17;k_1;81;10
vz17;k_2;97;10
vz17;l_1;97;10
vz17;l_2;94;10
vz17;m_1;93;10
vz17;m_2;99;10
vz17;n_1;84;10
vz17;n_2;99;10
vz17;o_1;90;10
vz17;o_2;91;10
vz18;a_1;81;11
vz18;a_2;97;11
vz18;b_1;87;11
vz18;b_2;87;11
vz18;c_1;82;11
vz18;c_2;93;11
vz18;d_1;89;11
vz18;d_2;93;11
vz18;e_1;90;11
vz18;e_2;81;11
vz18;f_1;84;11
vz18;f_2;95;11
vz18;g_1;81;11
vz18;g_2;84;11
vz18;h_1;90;11
vz18;h_2;84;11
vz18;i_1;86;11
vz18;i_2;99;11
vz18;j_1;100;11
vz18;j_2;80;11
vz18;k_1;87;11
vz18;k_2;96;11
vz18;l_1;83;11
vz18;l_2;85;11
vz18;m_1;94;11
vz18;m_2;89;11
vz18;n_1;81;11
vz18;n_2;82;11
vz18;o_1;80;11
vz18;o_2;99;11
vz19;a_1;80;12
vz19;a_2;100;12
vz19;b_1;90;12
vz19;b_2;87;12
vz19;c_1;89;12
vz19;c_2;87;12
vz19;d_1;90;12
vz19;d_2;93;12
vz19;e_1;96;12
vz19;e_2;97;12
vz19;f_1;88;12
vz19;f_2;85;12
vz19;g_1;86;12
vz19;g_2;85;12
vz19;h_1;83;12
vz19;h_2;98;12
vz19;i_1;80;12
vz19;i_2;94;12
vz19;j_1;100;12
vz19;j_2;88;12
vz19;k_1;89;12
vz19;k_2;97;12
vz19;l_1;80;12
vz19;l_2;80;12
vz19;m_1;97;12
vz19;m_2;88;12
vz19;n_1;80;12
vz19;n_2;80;12
vz19;o_1;88;12
vz19;o_2;89;12
vz20;a_1;80;14
vz20;a_2;96;14
vz20;b_1;87;14
vz20;b_2;93;14
vz20;c_1;86;14
vz20;c_2;85;14
vz20;d_1;90;14
vz20;d_2;86;14
vz20;e_1;91;14
vz20;e_2;91;14
vz20;f_1;91;14
vz20;f_2;99;14
vz20;g_1;91;14
vz20;g_2;97;14
vz20;h_1;91;14
vz20;h_2;98;14
vz20;i_1;83;14
vz20;i_2;83;14
vz20;j_1;97;14
vz20;j_2;91;14
vz20;k_1;89;14
vz20;k_2;100;14
vz20;l_1;94;14
vz20;l_2;100;14
vz20;m_1;89;14
vz20;m_2;100;14
vz20;n_1;84;14
vz20;n_2;87;14
vz20;o_1;93;14
vz20;o_2;84;14
vz21;a_1;91;15
vz21;a_2;80;15
vz21;b_1;89;15
vz21;b_2;99;15
vz21;c_1;84;15
vz21;c_2;90;15
vz21;d_1;95;15
vz21;d_2;91;15
vz21;e_1;91;15
vz21;e_2;83;15
vz21;f_1;83;15
vz21;f_2;80;15
vz21;g_1;91;15
vz21;g_2;87;15
vz21;h_1;90;15
vz21;h_2;95;15
vz21;i_1;96;15
vz21;i_2;86;15
vz21;j_1;97;15
vz21;j_2;99;15
vz21;k_1;92;15
vz21;k_2;98;15
vz21;l_1;87;15
vz21;l_2;93;15
vz21;m_1;82;15
vz21;m_2;95;15
vz21;n_1;90;15
vz21;n_2;93;15
vz21;o_1;86;15
vz21;o_2;86;15
vz22;a_1;99;16
vz22;a_2;97;16
vz22;b_1;98;16
vz22;b_2;95;16
vz22;c_1;100;16
vz22;c_2;85;16
vz22;d_1;92;16
vz22;d_2;98;16
vz22;e_1;100;16
vz22;e_2;83;16
vz22;f_1;88;16
vz22;f_2;81;16
vz22;g_1;82;16
vz22;g_2;89;16
vz22;h_1;99;16
vz22;h_2;93;16
vz22;i_1;80;16
vz22;i_2;93;16
vz22;j_1;99;16
vz22;j_2;97;16
vz22;k_1;86;16
vz22;k_2;98;16
vz22;l_1;80;16
vz22;l_2;90;16
vz22;m_1;94;16
vz22;m_2;90;16
vz22;n_1;82;16
vz22;n_2;89;16
vz22;o_1;92;16
vz22;o_2;81;16
vz23;a_1;84;17
vz23;a_2;99;17
vz23;b_1;82;17
vz23;b_2;81;17
vz23;c_1;99;17
vz23;c_2;97;17
vz23;d_1;92;17
vz23;d_2;82;17
vz23;e_1;91;17
vz23;e_2;92;17
vz23;f_1;92;17
vz23;f_2;81;17
vz23;g_1;86;17
vz23;g_2;85;17
vz23;h_1;91;17
vz23;h_2;94;17
vz23;i_1;81;17
vz23;i_2;96;17
vz23;j_1;99;17
vz23;j_2;98;17
vz23;k_1;93;17
vz23;k_2;90;17
vz23;l_1;88;17
vz23;l_2;100;17
vz23;m_1;97;17
vz23;m_2;87;17
vz23;n_1;98;17
vz23;n_2;89;17
vz23;o_1;82;17
vz23;o_2;94;17
vz24;a_1;80;18
vz24;a_2;97;18
vz24;b_1;87;18
vz24;b_2;97;18
vz24;c_1;84;18
vz24;c_2;92;18
vz24;d_1;87;18
vz24;d_2;83;18
vz24;e_1;92;18
vz24;e_2;97;18
vz24;f_1;86;18
vz24;f_2;99;18
vz24;g_1;98;18
vz24;g_2;84;18
vz24;h_1;81;18
vz24;h_2;88;18
vz24;i_1;96;18
vz24;i_2;98;18
vz24;j_1;85;18
vz24;j_2;82;18
vz24;k_1;93;18
vz24;k_2;96;18
vz24;l_1;100;18
vz24;l_2;94;18
vz24;m_1;89;18
vz24;m_2;83;18
vz24;n_1;83;18
vz24;n_2;92;18
vz24;o_1;100;18
vz24;o_2;90;18
vz25;a_1;93;19
vz25;a_2;80;19
vz25;b_1;96;19
vz25;b_2;80;19
vz25;c_1;96;19
vz25;c_2;100;19
vz25;d_1;81;19
vz25;d_2;92;19
vz25;e_1;81;19
vz25;e_2;97;19
vz25;f_1;95;19
vz25;f_2;86;19
vz25;g_1;85;19
vz25;g_2;89;19
vz25;h_1;98;19
vz25;h_2;89;19
vz25;i_1;83;19
vz25;i_2;87;19
vz25;j_1;92;19
vz25;j_2;83;19
vz25;k_1;95;19
vz25;k_2;95;19
vz25;l_1;91;19
vz25;l_2;89;19
vz25;m_1;98;19
vz25;m_2;81;19
vz25;n_1;86;19
vz25;n_2;87;19
vz25;o_1;98;19
vz25;o_2;82;19
vz26;a_1;100;20
vz26;a_2;81;20
vz26;b_1;92;20
vz26;b_2;82;20
vz26;c_1;89;20
vz26;c_2;83;20
vz26;d_1;92;20
vz26;d_2;98;20
vz26;e_1;80;20
vz26;e_2;96;20
vz26;f_1;96;20
vz26;f_2;96;20
vz26;g_1;98;20
vz26;g_2;100;20
vz26;h_1;89;20
vz26;h_2;98;20
vz26;i_1;82;20
vz26;i_2;98;20
vz26;j_1;89;20
vz26;j_2;94;20
vz26;k_1;88;20
vz26;k_2;87;20
vz26;l_1;97;20
vz26;l_2;85;20
vz26;m_1;92;20
vz26;m_2;91;20
vz26;n_1;84;20
vz26;n_2;87;20
vz26;o_1;88;20
vz26;o_2;91;20
vz27;a_1;80;21
vz27;a_2;95;21
vz27;b_1;99;21
vz27;b_2;83;21
vz27;c_1;84;21
vz27;c_2;84;21
vz27;d_1;86;21
vz27;d_2;98;21
vz27;e_1;88;21
vz27;e_2;88;21
vz27;f_1;94;21
vz27;f_2;85;21
vz27;g_1;97;21
vz27;g_2;100;21
vz27;h_1;92;21
vz27;h_2;81;21
vz27;i_1;80;21
vz27;i_2;86;21
vz27;j_1;90;21
vz27;j_2;89;21
vz27;k_1;90;21
vz27;k_2;98;21
vz27;l_1;88;21
vz27;l_2;96;21
vz27;m_1;95;21
vz27;m_2;81;21
vz27;n_1;83;21
vz27;n_2;93;21
vz27;o_1;94;21
vz27;o_2;100;21
vz28;a_1;92;22
vz28;a_2;81;22
vz28;b_1;100;22
vz28;b_2;83;22
vz28;c_1;100;22
vz28;c_2;96;22
vz28;d_1;98;22
vz28;d_2;99;22
vz28;e_1;87;22
vz28;e_2;89;22
vz28;f_1;83;22
vz28;f_2;94;22
vz28;g_1;96;22
vz28;g_2;85;22
vz28;h_1;93;22
vz28;h_2;90;22
vz28;i_1;91;22
vz28;i_2;88;22
vz28;j_1;84;22
vz28;j_2;80;22
vz28;k_1;93;22
vz28;k_2;100;22
vz28;l_1;83;22
vz28;l_2;90;22
vz28;m_1;88;22
vz28;m_2;87;22
vz28;n_1;90;22
vz28;n_2;90;22
vz28;o_1;96;22
vz28;o_2;81;22
vz29;a_1;80;23
vz29;a_2;99;23
vz29;b_1;84;23
vz29;b_2;88;23
vz29;c_1;94;23
vz29;c_2;95;23
vz29;d_1;89;23
vz29;d_2;87;23
vz29;e_1;87;23
vz29;e_2;94;23
vz29;f_1;91;23
vz29;f_2;83;23
vz29;g_1;84;23
vz29;g_2;80;23
vz29;h_1;91;23
vz29;h_2;86;23
vz29;i_1;88;23
vz29;i_2;84;23
vz29;j_1;99;23
vz29;j_2;83;23
vz29;k_1;83;23
vz29;k_2;86;23
vz29;l_1;91;23
vz29;l_2;100;23
vz29;m_1;89;23
vz29;m_2;95;23
vz29;n_1;84;23
vz29;n_2;88;23
vz29;o_1;91;23
vz29;o_2;88;23
vz30;a_1;80;25
vz30;a_2;80;25
vz30;b_1;100;25
vz30;b_2;85;25
vz30;c_1;90;25
vz30;c_2;83;25
vz30;d_1;83;25
vz30;d_2;97;25
vz30;e_1;98;25
vz30;e_2;94;25
vz30;f_1;96;25
vz30;f_2;81;25
vz30;g_1;96;25
vz30;g_2;91;25
vz30;h_1;91;25
vz30;h_2;94;25
vz30;i_1;98;25
vz30;i_2;95;25
vz30;j_1;89;25
vz30;j_2;84;25
vz30;k_1;95;25
vz30;k_2;81;25
vz30;l_1;80;25
vz30;l_2;94;25
vz30;m_1;100;25
vz30;m_2;87;25
vz30;n_1;91;25
vz30;n_2;88;25
vz30;o_1;84;25
vz30;o_2;81;25
vz31;a_1;97;26
vz31;a_2;88;26
vz31;b_1;88;26
vz31;b_2;89;26
vz31;c_1;97;26
vz31;c_2;81;26
vz31;d_1;100;26
vz31;d_2;96;26
vz31;e_1;91;26
vz31;e_2;84;26
vz31;f_1;90;26
vz31;f_2;97;26
vz31;g_1;99;26
vz31;g_2;84;26
vz31;h_1;93;26
vz31;h_2;91;26
vz31;i_1;92;26
vz31;i_2;93;26
vz31;j_1;96;26
vz31;j_2;81;26
vz31;k_1;90;26
vz31;k_2;93;26
vz31;l_1;90;26
vz31;l_2;85;26
vz31;m_1;83;26
vz31;m_2;90;26
vz31;n_1;99;26
vz31;n_2;84;26
vz31;o_1;85;26
vz31;o_2;91;26
vz32;a_1;100;27
vz32;a_2;94;27
vz32;b_1;95;27
vz32;b_2;84;27
vz32;c_1;93;27
vz32;c_2;90;27
vz32;d_1;94;27
vz32;d_2;91;27
vz32;e_1;82;27
vz32;e_2;94;27
vz32;f_1;95;27
vz32;f_2;89;27
vz32;g_1;93;27
vz32;g_2;95;27
vz32;h_1;86;27
vz32;h_2;80;27
vz32;i_1;93;27
vz32;i_2;85;27
vz32;j_1;85;27
vz32;j_2;93;27
vz32;k_1;94;27
vz32;k_2;95;27
vz32;l_1;90;27
vz32;l_2;87;27
vz32;m_1;96;27
vz32;m_2;87;27
vz32;n_1;89;27
vz32;n_2;99;27
vz32;o_1;97;27
vz32;o_2;80;27
vz33;a_1;97;28
vz33;a_2;83;28
vz33;b_1;85;28
vz33;b_2;81;28
vz33;c_1;91;28
vz33;c_2;85;28
vz33;d_1;82;28
vz33;d_2;86;28
vz33;e_1;87;28
vz33;e_2;90;28
vz33;f_1;98;28
vz33;f_2;90;28
vz33;g_1;93;28
vz33;g_2;86;28
vz33;h_1;87;28
vz33;h_2;99;28
vz33;i_1;95;28
vz33;i_2;81;28
vz33;j_1;96;28
vz33;j_2;94;28
vz33;k_1;93;28
vz33;k_2;96;28
vz33;l_1;96;28
vz33;l_2;97;28
vz33;m_1;83;28
vz33;m_2;91;28
vz33;n_1;93;28
vz33;n_2;100;28
vz33;o_1;94;28
vz33;o_2;83;28
vz34;a_1;88;29
vz34;a_2;97;29
vz34;b_1;100;29
vz34;b_2;91;29
vz34;c_1;83;29
vz34;c_2;81;29
vz34;d_1;94;29
vz34;d_2;83;29
vz34;e_1;82;29
vz34;e_2;86;29
vz34;f_1;97;29
vz34;f_2;84;29
vz34;g_1;85;29
vz34;g_2;89;29
vz34;h_1;98;29
vz34;h_2;81;29
vz34;i_1;88;29
vz34;i_2;99;29
vz34;j_1;100;29
vz34;j_2;94;29
vz34;k_1;81;29
vz34;k_2;99;29
vz34;l_1;93;29
vz34;l_2;95;29
vz34;m_1;82;29
vz34;m_2;85;29
vz34;n_1;86;29
vz34;n_2;88;29
vz34;o_1;99;29
vz34;o_2;89;29
vz35;a_1;93;30
vz35;a_2;87;30
vz35;b_1;93;30
vz35;b_2;95;30
vz35;c_1;94;30
vz35;c_2;80;30
vz35;d_1;81;30
vz35;d_2;100;30
vz35;e_1;81;30
vz35;e_2;100;30
vz35;f_1;84;30
vz35;f_2;92;30
vz35;g_1;91;30
vz35;g_2;82;30
vz35;h_1;83;30
vz35;h_2;94;30
vz35;i_1;100;30
vz35;i_2;98;30
vz35;j_1;85;30
vz35;j_2;84;30
vz35;k_1;84;30
vz35;k_2;91;30
vz35;l_1;99;30
vz35;l_2;98;30
vz35;m_1;95;30
vz35;m_2;98;30
vz35;n_1;84;30
vz35;n_2;100;30
vz35;o_1;88;30
vz35;o_2;98;30
vz36;a_1;85;31
vz36;a_2;90;31
vz36;b_1;83;31
vz36;b_2;96;31
vz36;c_1;94;31
vz36;c_2;87;31
vz36;d_1;98;31
vz36;d_2;89;31
vz36;e_1;92;31
vz36;e_2;95;31
vz36;f_1;96;31
vz36;f_2;94;31
vz36;g_1;86;31
vz36;g_2;96;31
vz36;h_1;85;31
vz36;h_2;85;31
vz36;i_1;82;31
vz36;i_2;98;31
vz36;j_1;97;31
vz36;j_2;93;31
vz36;k_1;84;31
vz36;k_2;97;31
vz36;l_1;92;31
vz36;l_2;97;31
vz36;m_1;94;31
vz36;m_2;93;31
vz36;n_1;99;31
vz36;n_2;80;31
vz36;o_1;97;31
vz36;o_2;92;31
vz37;a_1;88;32
vz37;a_2;80;32
vz37;b_1;94;32
vz37;b_2;99;32
vz37;c_1;85;32
vz37;c_2;94;32
vz37;d_1;82;32
vz37;d_2;97;32
vz37;e_1;96;32
vz37;e_2;89;32
vz37;f_1;82;32
vz37;f_2;96;32
vz37;g_1;91;32
vz37;g_2;92;32
vz37;h_1;92;32
vz37;h_2;89;32
vz37;i_1;84;32
vz37;i_2;99;32
vz37;j_1;85;32
vz37;j_2;87;32
vz37;k_1;88;32
vz37;k_2;95;32
vz37;l_1;96;32
vz37;l_2;90;32
vz37;m_1;86;32
vz37;m_2;96;32
vz37;n_1;91;32
vz37;n_2;86;32
vz37;o_1;97;32
vz37;o_2;81;32
vz38;a_1;91;33
vz38;a_2;89;33
vz38;b_1;85;33
vz38;b_2;100;33
vz38;c_1;87;33
vz38;c_2;83;33
vz38;d_1;88;33
vz38;d_2;95;33
vz38;e_1;82;33
vz38;e_2;95;33
vz38;f_1;96;33
vz38;f_2;90;33
vz38;g_1;97;33
vz38;g_2;90;33
vz38;h_1;88;33
vz38;h_2;96;33
vz38;i_1;90;33
vz38;i_2;93;33
vz38;j_1;84;33
vz38;j_2;96;33
vz38;k_1;98;33
vz38;k_2;80;33
vz38;l_1;85;33
vz38;l_2;96;33
vz38;m_1;85;33
vz38;m_2;82;33
vz38;n_1;93;33
vz38;n_2;93;33
vz38;o_1;92;33
vz38;o_2;90;33
vz39;a_1;90;34
vz39;a_2;98;34
vz39;b_1;88;34
vz39;b_2;93;34
vz39;c_1;89;34
vz39;c_2;95;34
vz39;d_1;80;34
vz39;d_2;96;34
vz39;e_1;81;34
vz39;e_2;86;34
vz39;f_1;96;34
vz39;f_2;98;34
vz39;g_1;89;34
vz39;g_2;94;34
vz39;h_1;80;34
vz39;h_2;84;34
vz39;i_1;92;34
vz39;i_2;95;34
vz39;j_1;88;34
vz39;j_2;83;34
vz39;k_1;100;34
vz39;k_2;84;34
vz39;l_1;83;34
vz39;l_2;81;34
vz39;m_1;88;34
vz39;m_2;99;34
vz39;n_1;99;34
vz39;n_2;94;34
vz39;o_1;84;34
vz39;o_2;84;34
vz40;a_1;92;36
vz40;a_2;93;36
vz40;b_1;96;36
vz40;b_2;95;36
vz40;c_1;89;36
vz40;c_2;96;36
vz40;d_1;84;36
vz40;d_2;94;36
vz40;e_1;98;36
vz40;e_2;81;36
vz40;f_1;92;36
vz40;f_2;100;36
vz40;g_1;87;36
vz40;g_2;91;36
vz40;h_1;80;36
vz40;h_2;99;36
vz40;i_1;97;36
vz40;i_2;98;36
vz40;j_1;89;36
vz40;j_2;97;36
vz40;k_1;94;36
vz40;k_2;82;36
vz40;l_1;93;36
vz40;l_2;94;36
vz40;m_1;96;36
vz40;m_2;84;36
vz40;n_1;89;36
vz40;n_2;96;36
vz40;o_1;90;36
vz40;o_2;91;36
vz41;a_1;96;37
vz41;a_2;94;37
vz41;b_1;95;37
vz41;b_2;84;37
vz41;c_1;90;37
vz41;c_2;95;37
vz41;d_1;99;37
vz41;d_2;87;37
vz41;e_1;80;37
vz41;e_2;93;37
vz41;f_1;99;37
vz41;f_2;85;37
vz41;g_1;100;37
vz41;g_2;100;37
vz41;h_1;87;37
vz41;h_2;90;37
vz41;i_1;99;37
vz41;i_2;100;37
vz41;j_1;95;37
vz41;j_2;85;37
vz41;k_1;96;37
vz41;k_2;98;37
vz41;l_1;95;37
vz41;l_2;93;37
vz41;m_1;81;37
vz41;m_2;92;37
vz41;n_1;86;37
vz41;n_2;90;37
vz41;o_1;100;37
vz41;o_2;89;37
vz42;a_1;98;38
vz42;a_2;95;38
vz42;b_1;86;38
vz42;b_2;96;38
vz42;c_1;90;38
vz42;c_2;87;38
vz42;d_1;91;38
vz42;d_2;90;38
vz42;e_1;86;38
vz42;e_2;96;38
vz42;f_1;82;38
vz42;f_2;81;38
vz42;g_1;87;38
vz42;g_2;94;38
vz42;h_1;86;38
vz42;h_2;86;38
vz42;i_1;95;38
vz42;i_2;91;38
vz42;j_1;90;38
vz42;j_2;95;38
vz42;k_1;96;38
vz42;k_2;100;38
vz42;l_1;99;38
vz42;l_2;88;38
vz42;m_1;93;38
vz42;m_2;93;38
vz42;n_1;85;38
vz42;n_2;85;38
vz42;o_1;84;38
vz42;o_2;90;38
vz43;a_1;84;39
vz43;a_2;92;39
vz43;b_1;84;39
vz43;b_2;87;39
vz43;c_1;90;39
vz43;c_2;92;39
vz43;d_1;100;39
vz43;d_2;83;39
vz43;e_1;82;39
vz43;e_2;84;39
vz43;f_1;99;39
vz43;f_2;83;39
vz43;g_1;93;39
vz43;g_2;93;39
vz43;h_1;85;39
vz43;h_2;86;39
vz43;i_1;92;39
vz43;i_2;99;39
vz43;j_1;85;39
vz43;j_2;95;39
vz43;k_1;100;39
vz43;k_2;94;39
vz43;l_1;90;39
vz43;l_2;95;39
vz43;m_1;98;39
vz43;m_2;91;39
vz43;n_1;85;39
vz43;n_2;92;39
vz43;o_1;86;39
vz43;o_2;98;39
vz44;a_1;95;40
vz44;a_2;88;40
vz44;b_1;99;40
vz44;b_2;87;40
vz44;c_1;89;40
vz44;c_2;84;40
vz44;d_1;93;40
vz44;d_2;89;40
vz44;e_1;93;40
vz44;e_2;100;40
vz44;f_1;89;40
vz44;f_2;99;40
vz44;g_1;86;40
vz44;g_2;87;40
vz44;h_1;83;40
vz44;h_2;95;40
vz44;i_1;89;40
vz44;i_2;87;40
vz44;j_1;97;40
vz44;j_2;85;40
vz44;k_1;87;40
vz44;k_2;83;40
vz44;l_1;87;40
vz44;l_2;89;40
vz44;m_1;85;40
vz44;m_2;94;40
vz44;n_1;93;40
vz44;n_2;98;40
vz44;o_1;94;40
vz44;o_2;82;40
vz45;a_1;88;41
vz45;a_2;81;41
vz45;b_1;97;41
vz45;b_2;99;41
vz45;c_1;81;41
vz45;c_2;95;41
vz45;d_1;84;41
vz45;d_2;100;41
vz45;e_1;99;41
vz45;e_2;92;41
vz45;f_1;83;41
vz45;f_2;98;41
vz45;g_1;93;41
vz45;g_2;81;41
vz45;h_1;97;41
vz45;h_2;83;41
vz45;i_1;80;41
vz45;i_2;86;41
vz45;j_1;86;41
vz45;j_2;82;41
vz45;k_1;95;41
vz45;k_2;80;41
vz45;l_1;95;41
vz45;l_2;98;41
vz45;m_1;87;41
vz45;m_2;89;41
vz45;n_1;95;41
vz45;n_2;91;41
vz45;o_1;95;41
vz45;o_2;94;41
vz46;a_1;97;42
vz46;a_2;89;42
vz46;b_1;85;42
vz46;b_2;80;42
vz46;c_1;82;42
vz46;c_2;89;42
vz46;d_1;96;42
vz46;d_2;91;42
vz46;e_1;97;42
vz46;e_2;93;42
vz46;f_1;86;42
vz46;f_2;88;42
vz46;g_1;80;42
vz46;g_2;84;42
vz46;h_1;84;42
vz46;h_2;94;42
vz46;i_1;90;42
vz46;i_2;92;42
vz46;j_1;84;42
vz46;j_2;88;42
vz46;k_1;87;42
vz46;k_2;100;42
vz46;l_1;100;42
vz46;l_2;83;42
vz46;m_1;97;42
vz46;m_2;81;42
vz46;n_1;89;42
vz46;n_2;90;42
vz46;o_1;86;42
vz46;o_2;88;42
vz47;a_1;95;43
vz47;a_2;83;43
vz47;b_1;97;43
vz47;b_2;92;43
vz47;c_1;89;43
vz47;c_2;86;43
vz47;d_1;82;43
vz47;d_2;81;43
vz47;e_1;86;43
vz47;e_2;85;43
vz47;f_1;86;43
vz47;f_2;88;43
vz47;g_1;99;43
vz47;g_2;93;43
vz47;h_1;83;43
vz47;h_2;83;43
vz47;i_1;82;43
vz47;i_2;93;43
vz47;j_1;83;43
vz47;j_2;99;43
vz47;k_1;84;43
vz47;k_2;88;43
vz47;l_1;92;43
vz47;l_2;83;43
vz47;m_1;88;43
vz47;m_2;82;43
vz47;n_1;99;43
vz47;n_2;96;43
vz47;o_1;82;43
vz47;o_2;81;43
vz48;a_1;83;44
vz48;a_2;83;44
vz48;b_1;88;44
vz48;b_2;86;44
vz48;c_1;83;44
vz48;c_2;84;44
vz48;d_1;100;44
vz48;d_2;93;44
vz48;e_1;82;44
vz48;e_2;91;44
vz48;f_1;81;44
vz48;f_2;100;44
vz48;g_1;98;44
vz48;g_2;83;44
vz48;h_1;100;44
vz48;h_2;99;44
vz48;i_1;86;44
vz48;i_2;80;44
vz48;j_1;97;44
vz48;j_2;99;44
vz48;k_1;80;44
vz48;k_2;80;44
vz48;l_1;80;44
vz48;l_2;82;44
vz48;m_1;100;44
vz48;m_2;90;44
vz48;n_1;91;44
vz48;n_2;88;44
vz48;o_1;99;44
vz48;o_2;98;44
vz49;a_1;96;45
vz49;a_2;80;45
vz49;b_1;95;45
vz49;b_2;93;45
vz49;c_1;98;45
vz49;c_2;98;45
vz49;d_1;87;45
vz49;d_2;98;45
vz49;e_1;94;45
vz49;e_2;91;45
vz49;f_1;89;45
vz49;f_2;81;45
vz49;g_1;91;45
vz49;g_2;81;45
vz49;h_1;98;45
vz49;h_2;83;45
vz49;i_1;82;45
vz49;i_2;81;45
vz49;j_1;86;45
vz49;j_2;91;45
vz49;k_1;80;45
vz49;k_2;95;45
vz49;l_1;96;45
vz49;l_2;96;45
vz49;m_1;89;45
vz49;m_2;88;45
vz49;n_1;92;45
vz49;n_2;84;45
vz49;o_1;86;45
vz49;o_2;97;45
vz50;a_1;86;47
vz50;a_2;91;47
vz50;b_1;86;47
vz50;b_2;93;47
vz50;c_1;92;47
vz50;c_2;93;47
vz50;d_1;85;47
vz50;d_2;96;47
vz50;e_1;95;47
vz50;e_2;83;47
vz50;f_1;97;47
vz50;f_2;92;47
vz50;g_1;88;47
vz50;g_2;100;47
vz50;h_1;95;47
vz50;h_2;98;47
vz50;i_1;97;47
vz50;i_2;84;47
vz50;j_1;98;47
vz50;j_2;93;47
vz50;k_1;81;47
vz50;k_2;88;47
vz50;l_1;83;47
vz50;l_2;88;47
vz50;m_1;91;47
vz50;m_2;91;47
vz50;n_1;90;47
vz50;n_2;82;47
vz50;o_1;96;47
vz50;o_2;95;47
vz51;a_1;86;48
vz51;a_2;86;48
vz51;b_1;84;48
vz51;b_2;96;48
vz51;c_1;85;48
vz51;c_2;100;48
vz51;d_1;86;48
vz51;d_2;80;48
vz51;e_1;100;48
vz51;e_2;81;48
vz51;f_1;90;48
vz51;f_2;93;48
vz51;g_1;84;48
vz51;g_2;82;48
vz51;h_1;98;48
vz51;h_2;96;48
vz51;i_1;85;48
vz51;i_2;82;48
vz51;j_1;82;48
vz51;j_2;92;48
vz51;k_1;90;48
vz51;k_2;85;48
vz51;l_1;82;48
vz51;l_2;81;48
vz51;m_1;82;48
vz51;m_2;96;48
vz51;n_1;83;48
vz51;n_2;88;48
vz51;o_1;98;48
vz51;o_2;93;48
vz52;a_1;98;49
vz52;a_2;87;49
vz52;b_1;83;49
vz52;b_2;83;49
vz52;c_1;90;49
vz52;c_2;81;49
vz52;d_1;92;49
vz52;d_2;99;49
vz52;e_1;85;49
vz52;e_2;80;49
vz52;f_1;83;49
vz52;f_2;84;49
vz52;g_1;93;49
vz52;g_2;99;49
vz52;h_1;98;49
vz52;h_2;92;49
vz52;i_1;82;49
vz52;i_2;88;49
vz52;j_1;84;49
vz52;j_2;90;49
vz52;k_1;82;49
vz52;k_2;80;49
vz52;l_1;99;49
vz52;l_2;89;49
vz52;m_1;87;49
vz52;m_2;88;49
vz52;n_1;95;49
vz52;n_2;91;49
vz52;o_1;88;49
vz52;o_2;94;49
vz53;a_1;88;50
vz53;a_2;80;50
vz53;b_1;98;50
vz53;b_2;84;50
vz53;c_1;100;50
vz53;c_2;88;50
vz53;d_1;95;50
vz53;d_2;87;50
vz53;e_1;83;50
vz53;e_2;82;50
vz53;f_1;98;50
vz53;f_2;85;50
vz53;g_1;91;50
vz53;g_2;98;50
vz53;h_1;80;50
vz53;h_2;81;50
vz53;i_1;98;50
vz53;i_2;100;50
vz53;j_1;80;50
vz53;j_2;83;50
vz53;k_1;98;50
vz53;k_2;83;50
vz53;l_1;99;50
vz53;l_2;92;50
vz53;m_1;98;50
vz53;m_2;100;50
vz53;n_1;95;50
vz53;n_2;84;50
vz53;o_1;94;50
vz53;o_2;90;50
vz54;a_1;80;51
vz54;a_2;96;51
vz54;b_1;82;51
vz54;b_2;97;51
vz54;c_1;92;51
vz54;c_2;90;51
vz54;d_1;85;51
vz54;d_2;88;51
vz54;e_1;86;51
vz54;e_2;83;51
vz54;f_1;82;51
vz54;f_2;98;51
vz54;g_1;86;51
vz54;g_2;89;51
vz54;h_1;83;51
vz54;h_2;81;51
vz54;i_1;86;51
vz54;i_2;99;51
vz54;j_1;83;51
vz54;j_2;95;51
vz54;k_1;82;51
vz54;k_2;91;51
vz54;l_1;80;51
vz54;l_2;95;51
vz54;m_1;86;51
vz54;m_2;94;51
vz54;n_1;87;51
vz54;n_2;100;51
vz54;o_1;93;51
vz54;o_2;90;51
vz55;a_1;93;52
vz55;a_2;95;52
vz55;b_1;85;52
vz55;b_2;80;52
vz55;c_1;99;52
vz55;c_2;97;52
vz55;d_1;93;52
vz55;d_2;98;52
vz55;e_1;93;52
vz55;e_2;86;52
vz55;f_1;83;52
vz55;f_2;96;52
vz55;g_1;95;52
vz55;g_2;86;52
vz55;h_1;82;52
vz55;h_2;85;52
vz55;i_1;95;52
vz55;i_2;90;52
vz55;j_1;80;52
vz55;j_2;87;52
vz55;k_1;94;52
vz55;k_2;81;52
vz55;l_1;98;52
vz55;l_2;97;52
vz55;m_1;80;52
vz55;m_2;87;52
vz55;n_1;99;52
vz55;n_2;95;52
vz55;o_1;88;52
vz55;o_2;81;52
vz56;a_1;100;53
vz56;a_2;91;53
vz56;b_1;99;53
vz56;b_2;96;53
vz56;c_1;97;53
vz56;c_2;83;53
vz56;d_1;100;53
vz56;d_2;82;53
vz56;e_1;85;53
vz56;e_2;94;53
vz56;f_1;82;53
vz56;f_2;100;53
vz56;g_1;91;53
vz56;g_2;91;53
vz56;h_1;95;53
vz56;h_2;89;53
vz56;i_1;80;53
vz56;i_2;86;53
vz56;j_1;91;53
vz56;j_2;97;53
vz56;k_1;99;53
vz56;k_2;94;53
vz56;l_1;98;53
vz56;l_2;81;53
vz56;m_1;93;53
vz56;m_2;84;53
vz56;n_1;95;53
vz56;n_2;100;53
vz56;o_1;80;53
vz56;o_2;90;53
vz57;a_1;81;54
vz57;a_2;80;54
vz57;b_1;87;54
vz57;b_2;89;54
vz57;c_1;97;54
vz57;c_2;91;54
vz57;d_1;98;54
vz57;d_2;81;54
vz57;e_1;82;54
vz57;e_2;91;54
vz57;f_1;83;54
vz57;f_2;84;54
vz57;g_1;96;54
vz57;g_2;89;54
vz57;h_1;90;54
vz57;h_2;98;54
vz57;i_1;100;54
vz57;i_2;82;54
vz57;j_1;83;54
vz57;j_2;92;54
vz57;k_1;96;54
vz57;k_2;82;54
vz57;l_1;87;54
vz57;l_2;96;54
vz57;m_1;95;54
vz57;m_2;97;54
vz57;n_1;96;54
vz57;n_2;100;54
vz57;o_1;82;54
vz57;o_2;89;54
vz58;a_1;82;55
vz58;a_2;81;55
vz58;b_1;98;55
vz58;b_2;96;55
vz58;c_1;83;55
vz58;c_2;81;55
vz58;d_1;80;55
vz58;d_2;83;55
vz58;e_1;86;55
vz58;e_2;99;55
vz58;f_1;85;55
vz58;f_2;81;55
vz58;g_1;100;55
vz58;g_2;100;55
vz58;h_1;98;55
vz58;h_2;92;55
vz58;i_1;83;55
vz58;i_2;91;55
vz58;j_1;88;55
vz58;j_2;84;55
vz58;k_1;82;55
vz58;k_2;82;55
vz58;l_1;88;55
vz58;l_2;95;55
vz58;m_1;81;55
vz58;m_2;92;55
vz58;n_1;96;55
vz58;n_2;87;55
vz58;o_1;82;55
vz58;o_2;96;55
vz59;a_1;87;56
vz59;a_2;91;56
vz59;b_1;80;56
vz59;b_2;99;56
vz59;c_1;90;56
vz59;c_2;98;56
vz59;d_1;96;56
vz59;d_2;88;56
vz59;e_1;92;56
vz59;e_2;98;56
vz59;f_1;95;56
vz59;f_2;97;56
vz59;g_1;91;56
vz59;g_2;81;56
vz59;h_1;82;56
vz59;h_2;91;56
vz59;i_1;96;56
vz59;i_2;80;56
vz59;j_1;96;56
vz59;j_2;84;56
vz59;k_1;99;56
vz59;k_2;83;56
vz59;l_1;89;56
vz59;l_2;88;56
vz59;m_1;98;56
vz59;m_2;96;56
vz59;n_1;87;56
vz59;n_2;95;56
vz59;o_1;81;56
vz59;o_2;93;56
vz60;a_1;98;58
vz60;a_2;83;58
vz60;b_1;95;58
vz60;b_2;94;58
vz60;c_1;97;58
vz60;c_2;99;58
vz60;d_1;82;58
vz60;d_2;100;58
vz60;e_1;95;58
vz60;e_2;84;58
vz60;f_1;93;58
vz60;f_2;86;58
vz60;g_1;83;58
vz60;g_2;94;58
vz60;h_1;84;58
vz60;h_2;80;58
vz60;i_1;85;58
vz60;i_2;98;58
vz60;j_1;94;58
vz60;j_2;100;58
vz60;k_1;93;58
vz60;k_2;84;58
vz60;l_1;95;58
vz60;l_2;94;58
vz60;m_1;85;58
vz60;m_2;89;58
vz60;n_1;91;58
vz60;n_2;86;58
vz60;o_1;90;58
vz60;o_2;80;58
vz61;a_1;94;59
vz61;a_2;84;59
vz61;b_1;90;59
vz61;b_2;95;59
vz61;c_1;98;59
vz61;c_2;81;59
vz61;d_1;87;59
vz61;d_2;92;59
vz61;e_1;84;59
vz61;e_2;90;59
vz61;f_1;89;59
vz61;f_2;97;59
vz61;g_1;93;59
vz61;g_2;88;59
vz61;h_1;86;59
vz61;h_2;90;59
vz61;i_1;91;59
vz61;i_2;81;59
vz61;j_1;94;59
vz61;j_2;95;59
vz61;k_1;91;59
vz61;k_2;92;59
vz61;l_1;86;59
vz61;l_2;82;59
vz61;m_1;87;59
vz61;m_2;92;59
vz61;n_1;87;59
vz61;n_2;85;59
vz61;o_1;87;59
vz61;o_2;95;59
vz62;a_1;95;60
vz62;a_2;96;60
vz62;b_1;81;60
vz62;b_2;96;60
vz62;c_1;80;60
vz62;c_2;90;60
vz62;d_1;93;60
vz62;d_2;96;60
vz62;e_1;81;60
vz62;e_2;82;60
vz62;f_1;95;60
vz62;f_2;98;60
vz62;g_1;81;60
vz62;g_2;84;60
vz62;h_1;95;60
vz62;h_2;91;60
vz62;i_1;94;60
vz62;i_2;92;60
vz62;j_1;85;60
vz62;j_2;93;60
vz62;k_1;96;60
vz62;k_2;82;60
vz62;l_1;84;60
vz62;l_2;83;60
vz62;m_1;95;60
vz62;m_2;94;60
vz62;n_1;82;60
vz62;n_2;88;60
vz62;o_1;82;60
vz62;o_2;86;60
vz63;a_1;85;61
vz63;a_2;88;61
vz63;b_1;97;61
vz63;b_2;99;61
vz63;c_1;97;61
vz63;c_2;100;61
vz63;d_1;98;61
vz63;d_2;99;61
vz63;e_1;99;61
vz63;e_2;94;61
vz63;f_1;97;61
vz63;f_2;95;61
vz63;g_1;93;61
vz63;g_2;99;61
vz63;h_1;94;61
vz63;h_2;96;61
vz63;i_1;84;61
vz63;i_2;99;61
vz63;j_1;80;61
vz63;j_2;94;61
vz63;k_1;95;61
vz63;k_2;80;61
vz63;l_1;89;61
vz63;l_2;80;61
vz63;m_1;96;61
vz63;m_2;94;61
vz63;n_1;93;61
vz63;n_2;85;61
vz63;o_1;96;61
vz63;o_2;85;61
vz64;a_1;93;62
vz64;a_2;85;62
vz64;b_1;89;62
vz64;b_2;83;62
vz64;c_1;90;62
vz64;c_2;86;62
vz64;d_1;95;62
vz64;d_2;89;62
vz64;e_1;100;62
vz64;e_2;99;62
vz64;f_1;82;62
vz64;f_2;99;62
vz64;g_1;97;62
vz64;g_2;98;62
vz64;h_1;96;62
vz64;h_2;84;62
vz64;i_1;97;62
vz64;i_2;94;62
vz64;j_1;98;62
vz64;j_2;84;62
vz64;k_1;84;62
vz64;k_2;90;62
vz64;l_1;86;62
vz64;l_2;99;62
vz64;m_1;97;62
vz64;m_2;82;62
vz64;n_1;91;62
vz64;n_2;95;62
vz64;o_1;85;62
vz64;o_2;85;62
vz65;a_1;88;63
vz65;a_2;88;63
vz65;b_1;94;63
vz65;b_2;83;63
vz65;c_1;94;63
vz65;c_2;100;63
vz65;d_1;94;63
vz65;d_2;82;63
vz65;e_1;99;63
vz65;e_2;95;63
vz65;f_1;85;63
vz65;f_2;100;63
vz65;g_1;84;63
vz65;g_2;92;63
vz65;h_1;89;63
vz65;h_2;80;63
vz65;i_1;87;63
vz65;i_2;83;63
vz65;j_1;98;63
vz65;j_2;85;63
vz65;k_1;90;63
vz65;k_2;97;63
vz65;l_1;99;63
vz65;l_2;88;63
vz65;m_1;93;63
vz65;m_2;90;63
vz65;n_1;98;63
vz65;n_2;82;63
vz65;o_1;95;63
vz65;o_2;86;63
vz66;a_1;88;64
vz66;a_2;81;64
vz66;b_1;89;64
vz66;b_2;81;64
vz66;c_1;83;64
vz66;c_2;81;64
vz66;d_1;93;64
vz66;d_2;100;64
vz66;e_1;97;64
vz66;e_2;84;64
vz66;f_1;84;64
vz66;f_2;89;64
vz66;g_1;100;64
vz66;g_2;92;64
vz66;h_1;80;64
vz66;h_2;97;64
vz66;i_1;98;64
vz66;i_2;89;64
vz66;j_1;98;64
vz66;j_2;96;64
vz66;k_1;94;64
vz66;k_2;80;64
vz66;l_1;82;64
vz66;l_2;84;64
vz66;m_1;81;64
vz66;m_2;100;64
vz66;n_1;93;64
vz66;n_2;90;64
vz66;o_1;83;64
vz66;o_2;91;64
vz67;a_1;95;65
vz67;a_2;89;65
vz67;b_1;93;65
vz67;b_2;98;65
vz67;c_1;82;65
vz67;c_2;93;65
vz67;d_1;88;65
vz67;d_2;93;65
vz67;e_1;86;65
vz67;e_2;94;65
vz67;f_1;94;65
vz67;f_2;88;65
vz67;g_1;96;65
vz67;g_2;98;65
vz67;h_1;82;65
vz67;h_2;83;65
vz67;i_1;81;65
vz67;i_2;83;65
vz67;j_1;90;65
vz67;j_2;95;65
vz67;k_1;93;65
vz67;k_2;93;65
vz67;l_1;80;65
vz67;l_2;99;65
vz67;m_1;82;65
vz67;m_2;81;65
vz67;n_1;97;65
vz67;n_2;87;65
vz67;o_1;86;65
vz67;o_2;86;65
vz68;a_1;92;66
vz68;a_2;87;66
vz68;b_1;92;66
vz68;b_2;97;66
vz68;c_1;96;66
vz68;c_2;80;66
vz68;d_1;98;66
vz68;d_2;100;66
vz68;e_1;83;66
vz68;e_2;95;66
vz68;f_1;97;66
vz68;f_2;100;66
vz68;g_1;88;66
vz68;g_2;88;66
vz68;h_1;99;66
vz68;h_2;90;66
vz68;i_1;99;66
vz68;i_2;88;66
vz68;j_1;81;66
vz68;j_2;89;66
vz68;k_1;95;66
vz68;k_2;95;66
vz68;l_1;86;66
vz68;l_2;91;66
vz68;m_1;92;66
vz68;m_2;85;66
vz68;n_1;84;66
vz68;n_2;92;66
vz68;o_1;94;66
vz68;o_2;95;66
vz69;a_1;97;67
vz69;a_2;85;67
vz69;b_1;98;67
vz69;b_2;86;67
vz69;c_1;87;67
vz69;c_2;95;67
vz69;d_1;98;67
vz69;d_2;82;67
vz69;e_1;97;67
vz69;e_2;87;67
vz69;f_1;100;67
vz69;f_2;93;67
vz69;g_1;81;67
vz69;g_2;96;67
vz69;h_1;98;67
vz69;h_2;99;67
vz69;i_1;85;67
vz69;i_2;95;67
vz69;j_1;81;67
vz69;j_2;85;67
vz69;k_1;99;67
vz69;k_2;98;67
vz69;l_1;99;67
vz69;l_2;95;67
vz69;m_1;82;67
vz69;m_2;90;67
vz69;n_1;90;67
vz69;n_2;100;67
vz69;o_1;100;67
vz69;o_2;87;67
vz70;a_1;94;69
vz70;a_2;94;69
vz70;b_1;82;69
vz70;b_2;83;69
vz70;c_1;83;69
vz70;c_2;84;69
vz70;d_1;99;69
vz70;d_2;89;69
vz70;e_1;94;69
vz70;e_2;83;69
vz70;f_1;97;69
vz70;f_2;93;69
vz70;g_1;97;69
vz70;g_2;100;69
vz70;h_1;86;69
vz70;h_2;80;69
vz70;i_1;85;69
vz70;i_2;84;69
vz70;j_1;85;69
vz70;j_2;87;69
vz70;k_1;81;69
vz70;k_2;95;69
vz70;l_1;95;69
vz70;l_2;84;69
vz70;m_1;84;69
vz70;m_2;99;69
vz70;n_1;80;69
vz70;n_2;84;69
vz70;o_1;92;69
vz70;o_2;86;69
vz71;a_1;85;70
vz71;a_2;85;70
vz71;b_1;91;70
vz71;b_2;91;70
vz71;c_1;87;70
vz71;c_2;92;70
vz71;d_1;92;70
vz71;d_2;85;70
vz71;e_1;91;70
vz71;e_2;96;70
vz71;f_1;88;70
vz71;f_2;92;70
vz71;g_1;87;70
vz71;g_2;86;70
vz71;h_1;82;70
vz71;h_2;81;70
vz71;i_1;82;70
vz71;i_2;99;70
vz71;j_1;87;70
vz71;j_2;96;70
vz71;k_1;96;70
vz71;k_2;84;70
vz71;l_1;87;70
vz71;l_2;100;70
vz71;m_1;85;70
vz71;m_2;95;70
vz71;n_1;89;70
vz71;n_2;94;70
vz71;o_1;85;70
vz71;o_2;97;70
vz72;a_1;91;71
vz72;a_2;81;71
vz72;b_1;96;71
vz72;b_2;87;71
vz72;c_1;98;71
vz72;c_2;91;71
vz72;d_1;88;71
vz72;d_2;98;71
vz72;e_1;98;71
vz72;e_2;94;71
vz72;f_1;96;71
vz72;f_2;88;71
vz72;g_1;97;71
vz72;g_2;92;71
vz72;h_1;84;71
vz72;h_2;93;71
vz72;i_1;88;71
vz72;i_2;81;71
vz72;j_1;89;71
vz72;j_2;92;71
vz72;k_1;80;71
vz72;k_2;86;71
vz72;l_1;95;71
vz72;l_2;91;71
vz72;m_1;96;71
vz72;m_2;82;71
vz72;n_1;88;71
vz72;n_2;95;71
vz72;o_1;85;71
vz72;o_2;86;71
vz73;a_1;82;72
vz73;a_2;98;72
vz73;b_1;81;72
vz73;b_2;92;72
vz73;c_1;80;72
vz73;c_2;90;72
vz73;d_1;90;72
vz73;d_2;93;72
vz73;e_1;97;72
vz73;e_2;93;72
vz73;f_1;88;72
vz73;f_2;88;72
vz73;g_1;90;72
vz73;g_2;91;72
vz73;h_1;82;72
vz73;h_2;83;72
vz73;i_1;89;72
vz73;i_2;82;72
vz73;j_1;93;72
vz73;j_2;97;72
vz73;k_1;85;72
vz73;k_2;88;72
vz73;l_1;80;72
vz73;l_2;97;72
vz73;m_1;83;72
vz73;m_2;99;72
vz73;n_1;89;72
vz73;n_2;97;72
vz73;o_1;100;72
vz73;o_2;80;72
vz74;a_1;82;73
vz74;a_2;85;73
vz74;b_1;99;73
vz74;b_2;100;73
vz74;c_1;97;73
vz74;c_2;87;73
vz74;d_1;100;73
vz74;d_2;100;73
vz74;e_1;94;73
vz74;e_2;81;73
vz74;f_1;89;73
vz74;f_2;88;73
vz74;g_1;88;73
vz74;g_2;87;73
vz74;h_1;81;73
vz74;h_2;94;73
vz74;i_1;84;73
vz74;i_2;90;73
vz74;j_1;98;73
vz74;j_2;90;73
vz74;k_1;84;73
vz74;k_2;86;73
vz74;l_1;90;73
vz74;l_2;94;73
vz74;m_1;93;73
vz74;m_2;93;73
vz74;n_1;80;73
vz74;n_2;87;73
vz74;o_1;89;73
vz74;o_2;92;73
vz75;a_1;84;74
vz75;a_2;98;74
vz75;b_1;99;74
vz75;b_2;90;74
vz75;c_1;94;74
vz75;c_2;80;74
vz75;d_1;99;74
vz75;d_2;83;74
vz75;e_1;90;74
vz75;e_2;86;74
vz75;f_1;89;74
vz75;f_2;89;74
vz75;g_1;85;74
vz75;g_2;80;74
vz75;h_1;94;74
vz75;h_2;99;74
vz75;i_1;87;74
vz75;i_2;91;74
vz75;j_1;93;74
vz75;j_2;87;74
vz75;k_1;91;74
vz75;k_2;82;74
vz75;l_1;87;74
vz75;l_2;84;74
vz75;m_1;80;74
vz75;m_2;97;74
vz75;n_1;97;74
vz75;n_2;99;74
vz75;o_1;85;74
vz75;o_2;85;74
vz76;a_1;87;75
vz76;a_2;84;75
vz76;b_1;80;75
vz76;b_2;93;75
vz76;c_1;92;75
vz76;c_2;86;75
vz76;d_1;81;75
vz76;d_2;84;75
vz76;e_1;91;75
vz76;e_2;94;75
vz76;f_1;80;75
vz76;f_2;81;75
vz76;g_1;82;75
vz76;g_2;100;75
vz76;h_1;85;75
vz76;h_2;82;75
vz76;i_1;96;75
vz76;i_2;90;75
vz76;j_1;88;75
vz76;j_2;94;75
vz76;k_1;83;75
vz76;k_2;91;75
vz76;l_1;86;75
vz76;l_2;100;75
vz76;m_1;82;75
vz76;m_2;93;75
vz76;n_1;90;75
vz76;n_2;92;75
vz76;o_1;98;75
vz76;o_2;94;75
vz77;a_1;94;76
vz77;a_2;86;76
vz77;b_1;99;76
vz77;b_2;93;76
vz77;c_1;85;76
vz77;c_2;91;76
vz77;d_1;88;76
vz77;d_2;83;76
vz77;e_1;82;76
vz77;e_2;82;76
vz77;f_1;81;76
vz77;f_2;86;76
vz77;g_1;83;76
vz77;g_2;91;76
vz77;h_1;81;76
vz77;h_2;84;76
vz77;i_1;99;76
vz77;i_2;82;76
vz77;j_1;90;76
vz77;j_2;92;76
vz77;k_1;93;76
vz77;k_2;82;76
vz77;l_1;84;76
vz77;l_2;92;76
vz77;m_1;92;76
vz77;m_2;90;76
vz77;n_1;89;76
vz77;n_2;100;76
vz77;o_1;93;76
vz77;o_2;90;76
vz78;a_1;91;77
vz78;a_2;92;77
vz78;b_1;94;77
vz78;b_2;96;77
vz78;c_1;97;77
vz78;c_2;97;77
vz78;d_1;92;77
vz78;d_2;99;77
vz78;e_1;80;77
vz78;e_2;95;77
vz78;f_1;88;77
vz78;f_2;98;77
vz78;g_1;88;77
vz78;g_2;80;77
vz78;h_1;81;77
vz78;h_2;93;77
vz78;i_1;96;77
vz78;i_2;97;77
vz78;j_1;98;77
vz78;j_2;80;77
vz78;k_1;95;77
vz78;k_2;94;77
vz78;l_1;95;77
vz78;l_2;83;77
vz78;m_1;92;77
vz78;m_2;96;77
vz78;n_1;89;77
vz78;n_2;98;77
vz78;o_1;99;77
vz78;o_2;100;77
vz79;a_1;96;78
vz79;a_2;83;78
vz79;b_1;99;78
vz79;b_2;96;78
vz79;c_1;87;78
vz79;c_2;97;78
vz79;d_1;95;78
vz79;d_2;83;78
vz79;e_1;98;78
vz79;e_2;87;78
vz79;f_1;96;78
vz79;f_2;84;78
vz79;g_1;90;78
vz79;g_2;90;78
vz79;h_1;86;78
vz79;h_2;83;78
vz79;i_1;85;78
vz79;i_2;87;78
vz79;j_1;81;78
vz79;j_2;83;78
vz79;k_1;95;78
vz79;k_2;93;78
vz79;l_1;98;78
vz79;l_2;83;78
vz79;m_1;94;78
vz79;m_2;80;78
vz79;n_1;96;78
vz79;n_2;91;78
vz79;o_1;81;78
vz79;o_2;92;78
vz80;a_1;97;80
vz80;a_2;99;80
vz80;b_1;92;80
vz80;b_2;80;80
vz80;c_1;98;80
vz80;c_2;84;80
vz80;d_1;83;80
vz80;d_2;88;80
vz80;e_1;82;80
vz80;e_2;86;80
vz80;f_1;95;80
vz80;f_2;93;80
vz80;g_1;90;80
vz80;g_2;100;80
vz80;h_1;89;80
vz80;h_2;86;80
vz80;i_1;94;80
vz80;i_2;93;80
vz80;j_1;84;80
vz80;j_2;90;80
vz80;k_1;99;80
vz80;k_2;99;80
vz80;l_1;93;80
vz80;l_2;81;80
vz80;m_1;100;80
vz80;m_2;97;80
vz80;n_1;88;80
vz80;n_2;97;80
vz80;o_1;82;80
vz80;o_2;80;80
vz81;a_1;98;81
vz81;a_2;89;81
vz81;b_1;81;81
vz81;b_2;92;81
vz81;c_1;91;81
vz81;c_2;99;81
vz81;d_1;97;81
vz81;d_2;85;81
vz81;e_1;82;81
vz81;e_2;82;81
vz81;f_1;80;81
vz81;f_2;92;81
vz81;g_1;100;81
vz81;g_2;98;81
vz81;h_1;92;81
vz81;h_2;95;81
vz81;i_1;90;81
vz81;i_2;81;81
vz81;j_1;82;81
vz81;j_2;82;81
vz81;k_1;98;81
vz81;k_2;84;81
vz81;l_1;83;81
vz81;l_2;90;81
vz81;m_1;91;81
vz81;m_2;93;81
vz81;n_1;85;81
vz81;n_2;99;81
vz81;o_1;81;81
vz81;o_2;81;81
vz82;a_1;95;82
vz82;a_2;90;82
vz82;b_1;95;82
vz82;b_2;85;82
vz82;c_1;95;82
vz82;c_2;95;82
vz82;d_1;92;82
vz82;d_2;93;82
vz82;e_1;82;82
vz82;e_2;83;82
vz82;f_1;84;82
vz82;f_2;85;82
vz82;g_1;85;82
vz82;g_2;80;82
vz82;h_1;99;82
vz82;h_2;87;82
vz82;i_1;97;82
vz82;i_2;93;82
vz82;j_1;88;82
vz82;j_2;86;82
vz82;k_1;97;82
vz82;k_2;80;82
vz82;l_1;98;82
vz82;l_2;89;82
vz82;m_1;83;82
vz82;m_2;99;82
vz82;n_1;95;82
vz82;n_2;97;82
vz82;o_1;84;82
vz82;o_2;96;82
vz83;a_1;89;83
vz83;a_2;89;83
vz83;b_1;86;83
vz83;b_2;92;83
vz83;c_1;94;83
vz83;c_2;88;83
vz83;d_1;89;83
vz83;d_2;97;83
vz83;e_1;99;83
vz83;e_2;99;83
vz83;f_1;100;83
vz83;f_2;89;83
vz83;g_1;89;83
vz83;g_2;96;83
vz83;h_1;88;83
vz83;h_2;98;83
vz83;i_1;83;83
vz83;i_2;82;83
vz83;j_1;91;83
vz83;j_2;99;83
vz83;k_1;93;83
vz83;k_2;82;83
vz83;l_1;88;83
vz83;l_2;93;83
vz83;m_1;91;83
vz83;m_2;80;83
vz83;n_1;91;83
vz83;n_2;86;83
vz83;o_1;88;83
vz83;o_2;96;83
vz84;a_1;86;84
vz84;a_2;93;84
vz84;b_1;99;84
vz84;b_2;84;84
vz84;c_1;83;84
vz84;c_2;86;84
vz84;d_1;98;84
vz84;d_2;90;84
vz84;e_1;100;84
vz84;e_2;84;84
vz84;f_1;81;84
vz84;f_2;91;84
vz84;g_1;81;84
vz84;g_2;95;84
vz84;h_1;90;84
vz84;h_2;100;84
vz84;i_1;96;84
vz84;i_2;91;84
vz84;j_1;88;84
vz84;j_2;94;84
vz84;k_1;85;84
vz84;k_2;87;84
vz84;l_1;94;84
vz84;l_2;93;84
vz84;m_1;91;84
vz84;m_2;89;84
vz84;n_1;100;84
vz84;n_2;88;84
vz84;o_1;80;84
vz84;o_2;97;84
vz85;a_1;90;85
vz85;a_2;99;85
vz85;b_1;95;85
vz85;b_2;99;85
vz85;c_1;87;85
vz85;c_2;94;85
vz85;d_1;92;85
vz85;d_2;83;85
vz85;e_1;86;85
vz85;e_2;80;85
vz85;f_1;87;85
vz85;f_2;96;85
vz85;g_1;93;85
vz85;g_2;98;85
vz85;h_1;98;85
vz85;h_2;88;85
vz85;i_1;98;85
vz85;i_2;81;85
vz85;j_1;98;85
vz85;j_2;87;85
vz85;k_1;96;85
vz85;k_2;85;85
vz85;l_1;99;85
vz85;l_2;94;85
vz85;m_1;95;85
vz85;m_2;82;85
vz85;n_1;97;85
vz85;n_2;81;85
vz85;o_1;91;85
vz85;o_2;91;85
vz86;a_1;100;86
vz86;a_2;90;86
vz86;b_1;100;86
vz86;b_2;97;86
vz86;c_1;86;86
vz86;c_2;97;86
vz86;d_1;92;86
vz86;d_2;97;86
vz86;e_1;96;86
vz86;e_2;91;86
vz86;f_1;84;86
vz86;f_2;81;86
vz86;g_1;90;86
vz86;g_2;100;86
vz86;h_1;94;86
vz86;h_2;99;86
vz86;i_1;98;86
vz86;i_2;91;86
vz86;j_1;85;86
vz86;j_2;91;86
vz86;k_1;83;86
vz86;k_2;88;86
vz86;l_1;92;86
vz86;l_2;96;86
vz86;m_1;94;86
vz86;m_2;98;86
vz86;n_1;82;86
vz86;n_2;87;86
vz86;o_1;82;86
vz86;o_2;96;86
vz87;a_1;96;87
vz87;a_2;94;87
vz87;b_1;80;87
vz87;b_2;97;87
vz87;c_1;84;87
vz87;c_2;98;87
vz87;d_1;94;87
vz87;d_2;96;87
vz87;e_1;86;87
vz87;e_2;90;87
vz87;f_1;92;87
vz87;f_2;92;87
vz87;g_1;80;87
vz87;g_2;95;87
vz87;h_1;81;87
vz87;h_2;93;87
vz87;i_1;97;87
vz87;i_2;84;87
vz87;j_1;99;87
vz87;j_2;80;87
vz87;k_1;80;87
vz87;k_2;80;87
vz87;l_1;91;87
vz87;l_2;90;87
vz87;m_1;96;87
vz87;m_2;81;87
vz87;n_1;80;87
vz87;n_2;90;87
vz87;o_1;94;87
vz87;o_2;80;87
vz88;a_1;97;88
vz88;a_2;82;88
vz88;b_1;82;88
vz88;b_2;95;88
vz88;c_1;87;88
vz88;c_2;99;88
vz88;d_1;89;88
vz88;d_2;97;88
vz88;e_1;86;88
vz88;e_2;86;88
vz88;f_1;94;88
vz88;f_2;84;88
vz88;g_1;88;88
vz88;g_2;100;88
vz88;h_1;91;88
vz88;h_2;80;88
vz88;i_1;97;88
vz88;i_2;89;88
vz88;j_1;94;88
vz88;j_2;91;88
vz88;k_1;96;88
vz88;k_2;85;88
vz88;l_1;85;88
vz88;l_2;89;88
vz88;m_1;98;88
vz88;m_2;92;88
vz88;n_1;81;88
vz88;n_2;96;88
vz88;o_1;88;88
vz88;o_2;88;88
vz89;a_1;84;89
vz89;a_2;99;89
vz89;b_1;93;89
vz89;b_2;86;89
vz89;c_1;86;89
vz89;c_2;82;89
vz89;d_1;85;89
vz89;d_2;96;89
vz89;e_1;96;89
vz89;e_2;91;89
vz89;f_1;93;89
vz89;f_2;97;89
vz89;g_1;86;89
vz89;g_2;100;89
vz89;h_1;89;89
vz89;h_2;91;89
vz89;i_1;87;89
vz89;i_2;98;89
vz89;j_1;98;89
vz89;j_2;95;89
vz89;k_1;86;89
vz89;k_2;83;89
vz89;l_1;93;89
vz89;l_2;98;89
vz89;m_1;99;89
vz89;m_2;89;89
vz89;n_1;85;89
vz89;n_2;89;89
vz89;o_1;81;89
vz89;o_2;80;89
vz90;a_1;88;91
vz90;a_2;97;91
vz90;b_1;86;91
vz90;b_2;94;91
vz90;c_1;91;91
vz90;c_2;99;91
vz90;d_1;83;91
vz90;d_2;93;91
vz90;e_1;81;91
vz90;e_2;99;91
vz90;f_1;83;91
vz90;f_2;81;91
vz90;g_1;94;91
vz90;g_2;83;91
vz90;h_1;88;91
vz90;h_2;80;91
vz90;i_1;100;91
vz90;i_2;98;91
vz90;j_1;95;91
vz90;j_2;98;91
vz90;k_1;83;91
vz90;k_2;94;91
vz90;l_1;81;91
vz90;l_2;84;91
vz90;m_1;97;91
vz90;m_2;93;91
vz90;n_1;93;91
vz90;n_2;95;91
vz90;o_1;93;91
vz90;o_2;88;91
vz91;a_1;92;92
vz91;a_2;93;92
vz91;b_1;85;92
vz91;b_2;96;92
vz91;c_1;81;92
vz91;c_2;84;92
vz91;d_1;93;92
vz91;d_2;86;92
vz91;e_1;82;92
vz91;e_2;88;92
vz91;f_1;84;92
vz91;f_2;98;92
vz91;g_1;83;92
vz91;g_2;90;92
vz91;h_1;83;92
vz91;h_2;97;92
vz91;i_1;80;92
vz91;i_2;89;92
vz91;j_1;81;92
vz91;j_2;97;92
vz91;k_1;90;92
vz91;k_2;91;92
vz91;l_1;84;92
vz91;l_2;94;92
vz91;m_1;100;92
vz91;m_2;96;92
vz91;n_1;86;92
vz91;n_2;82;92
vz91;o_1;89;92
vz91;o_2;96;92
vz92;a_1;88;93
vz92;a_2;95;93
vz92;b_1;100;93
vz92;b_2;93;93
vz92;c_1;80;93
vz92;c_2;87;93
vz92;d_1;89;93
vz92;d_2;89;93
vz92;e_1;86;93
vz92;e_2;84;93
vz92;f_1;81;93
vz92;f_2;95;93
vz92;g_1;87;93
vz92;g_2;90;93
vz92;h_1;100;93
vz92;h_2;90;93
vz92;i_1;87;93
vz92;i_2;87;93
vz92;j_1;90;93
vz92;j_2;95;93
vz92;k_1;96;93
vz92;k_2;91;93
vz92;l_1;90;93
vz92;l_2;83;93
vz92;m_1;84;93
vz92;m_2;86;93
vz92;n_1;94;93
vz92;n_2;81;93
vz92;o_1;88;93
vz92;o_2;80;93
vz93;a_1;89;94
vz93;a_2;88;94
vz93;b_1;93;94
vz93;b_2;85;94
vz93;c_1;88;94
vz93;c_2;85;94
vz93;d_1;86;94
vz93;d_2;94;94
vz93;e_1;97;94
vz93;e_2;92;94
vz93;f_1;81;94
vz93;f_2;84;94
vz93;g_1;91;94
vz93;g_2;96;94
vz93;h_1;86;94
vz93;h_2;91;94
vz93;i_1;83;94
vz93;i_2;90;94
vz93;j_1;95;94
vz93;j_2;94;94
vz93;k_1;95;94
vz93;k_2;86;94
vz93;l_1;95;94
vz93;l_2;96;94
vz93;m_1;95;94
vz93;m_2;93;94
vz93;n_1;84;94
vz93;n_2;81;94
vz93;o_1;87;94
vz93;o_2;98;94
vz94;a_1;92;95
vz94;a_2;96;95
vz94;b_1;100;95
vz94;b_2;91;95
vz94;c_1;81;95
vz94;c_2;93;95
vz94;d_1;82;95
vz94;d_2;81;95
vz94;e_1;83;95
vz94;e_2;82;95
vz94;f_1;97;95
vz94;f_2;86;95
vz94;g_1;88;95
vz94;g_2;90;95
vz94;h_1;99;95
vz94;h_2;82;95
vz94;i_1;95;95
vz94;i_2;82;95
vz94;j_1;98;95
vz94;j_2;83;95
vz94;k_1;85;95
vz94;k_2;98;95
vz94;l_1;95;95
vz94;l_2;88;95
vz94;m_1;95;95
vz94;m_2;85;95
vz94;n_1;89;95
vz94;n_2;80;95
vz94;o_1;82;95
vz94;o_2;98;95
vz95;a_1;89;96
vz95;a_2;93;96
vz95;b_1;91;96
vz95;b_2;95;96
vz95;c_1;80;96
vz95;c_2;88;96
vz95;d_1;83;96
vz95;d_2;90;96
vz95;e_1;94;96
vz95;e_2;94;96
vz95;f_1;88;96
vz95;f_2;96;96
vz95;g_1;88;96
vz95;g_2;92;96
vz95;h_1;99;96
vz95;h_2;93;96
vz95;i_1;94;96
vz95;i_2;88;96
vz95;j_1;92;96
vz95;j_2;94;96
vz95;k_1;88;96
vz95;k_2;85;96
vz95;l_1;91;96
vz95;l_2;93;96
vz95;m_1;100;96
vz95;m_2;90;96
vz95;n_1;89;96
vz95;n_2;91;96
vz95;o_1;96;96
vz95;o_2;88;96
vz96;a_1;87;97
vz96;a_2;80;97
vz96;b_1;97;97
vz96;b_2;80;97
vz96;c_1;83;97
vz96;c_2;98;97
vz96;d_1;88;97
vz96;d_2;93;97
vz96;e_1;82;97
vz96;e_2;99;97
vz96;f_1;99;97
vz96;f_2;86;97
vz96;g_1;88;97
vz96;g_2;87;97
vz96;h_1;94;97
vz96;h_2;94;97
vz96;i_1;98;97
vz96;i_2;95;97
vz96;j_1;91;97
vz96;j_2;89;97
vz96;k_1;90;97
vz96;k_2;87;97
vz96;l_1;80;97
vz96;l_2;89;97
vz96;m_1;84;97
vz96;m_2;99;97
vz96;n_1;92;97
vz96;n_2;82;97
vz96;o_1;91;97
vz96;o_2;95;97
vz97;a_1;85;98
vz97;a_2;93;98
vz97;b_1;94;98
vz97;b_2;81;98
vz97;c_1;98;98
vz97;c_2;80;98
vz97;d_1;95;98
vz97;d_2;92;98
vz97;e_1;85;98
vz97;e_2;90;98
vz97;f_1;94;98
vz97;f_2;82;98
vz97;g_1;84;98
vz97;g_2;93;98
vz97;h_1;84;98
vz97;h_2;84;98
vz97;i_1;86;98
vz97;i_2;95;98
vz97;j_1;92;98
vz97;j_2;94;98
vz97;k_1;84;98
vz97;k_2;96;98
vz97;l_1;97;98
vz97;l_2;84;98
vz97;m_1;86;98
vz97;m_2;87;98
vz97;n_1;86;98
vz97;n_2;88;98
vz97;o_1;94;98
vz97;o_2;85;98
vz98;a_1;98;99
vz98;a_2;98;99
vz98;b_1;92;99
vz98;b_2;88;99
vz98;c_1;82;99
vz98;c_2;92;99
vz98;d_1;95;99
vz98;d_2;84;99
vz98;e_1;91;99
vz98;e_2;86;99
vz98;f_1;100;99
vz98;f_2;92;99
vz98;g_1;100;99
vz98;g_2;100;99
vz98;h_1;93;99
vz98;h_2;85;99
vz98;i_1;83;99
vz98;i_2;99;99
vz98;j_1;100;99
vz98;j_2;86;99
vz98;k_1;92;99
vz98;k_2;88;99
vz98;l_1;86;99
vz98;l_2;84;99
vz98;m_1;98;99
vz98;m_2;87;99
vz98;n_1;89;99
vz98;n_2;97;99
vz98;o_1;82;99
vz98;o_2;80;99
vz99;a_1;87;100
vz99;a_2;100;100
vz99;b_1;85;100
vz99;b_2;98;100
vz99;c_1;80;100
vz99;c_2;90;100
vz99;d_1;94;100
vz99;d_2;92;100
vz99;e_1;100;100
vz99;e_2;82;100
vz99;f_1;82;100
vz99;f_2;87;100
vz99;g_1;81;100
vz99;g_2;91;100
vz99;h_1;88;100
vz99;h_2;99;100
vz99;i_1;84;100
vz99;i_2;100;100
vz99;j_1;98;100
vz99;j_2;81;100
vz99;k_1;86;100
vz99;k_2;93;100
vz99;l_1;85;100
vz99;l_2;94;100
vz99;m_1;81;100
vz99;m_2;80;100
vz99;n_1;95;100
vz99;n_2;85;100
vz99;o_1;95;100
vz99;o_2;92;100
vz100;a_1;96;3
vz100;a_2;96;3
vz100;b_1;90;3
vz100;b_2;98;3
vz100;c_1;90;3
vz100;c_2;87;3
vz100;d_1;90;3
vz100;d_2;94;3
vz100;e_1;82;3
vz100;e_2;83;3
vz100;f_1;83;3
vz100;f_2;90;3
vz100;g_1;91;3
vz100;g_2;93;3
vz100;h_1;98;3
vz100;h_2;99;3
vz100;i_1;92;3
vz100;i_2;96;3
vz100;j_1;81;3
vz100;j_2;81;3
vz100;k_1;87;3
vz100;k_2;88;3
vz100;l_1;85;3
vz100;l_2;90;3
vz100;m_1;87;3
vz100;m_2;91;3
vz100;n_1;87;3
vz100;n_2;85;3
vz100;o_1;81;3
vz100;o_2;87;3
